,mean,std,min,25%,50%,75%,max
FCNNs,0.626613,0.784321,0.007309,0.248124,0.42836,0.613453,7.965737
CNN,0.582121,0.38668,0.002136,0.300428,0.49432,0.767115,2.601382
